Region/Income/Sex,Age-standardized suicide rates (per 100 000 population),Age_85+,Age_75-84,Age_65-74,Age_55-64,Age_45-54,Age_35-44,Age_25-34,Age_15-24
Global,10.08688524590164,59.31967213114754,27.469945355191257,20.89617486338798,17.56120218579235,15.460655737704919,12.904918032786885,10.800546448087433,7.7923497267759565
